Actual,Predicted
112635,115790.21011287419
67938,71498.2780946286
113812,102596.8686606308
83088,75267.80422384098
64445,55477.79204547594
57189,60189.69970699143
